ticker,tier,grade,gaap_q,price,d50%,d100%,d200%,from_hi%,atr%,entry_at,entry,to_entry%,stop,target,upside%,RR_ambush,rev_g%,gm%,fcf_pos,fwdPE,short%,trend_ok
UCTT,3,C,2026-06-26,73.03500366210938,-4.775993936281586,-17.058034918845223,1.4344408305765333,-48.779714189036916,5.3800029094205,SMA200,72.00217506408691,-1.4141556051681214,64.14360442025321,134.0,83.47366780446856,7.889198652755033,24.3,15.83,False,11.427485,10.74,True
VICR,2,A,2026-03-31,302.4200134277344,36.57293890177422,17.827524638925162,39.05730229371835,-20.36968392232763,6.363664887442956,SMA50,221.4347994995117,-26.779052421269313,198.23370389665877,393.75,30.199716459601845,7.427028595981449,49.3,56.628,True,49.876884,9.7600006,True
AIP,2,B-,2026-06-30,24.489900588989258,-1.7345879327325675,-20.828695158887722,-0.6013013442830228,-49.598887606332035,4.487856121309424,price<200,24.489900588989258,0.0,22.291757583618164,39.42857,60.999306047519106,6.796040737344463,46.2,87.61,True,197.03839,6.6199996,False
AGX,3,A,2026-07-31,383.9200134277344,-17.595234121478875,-32.42033654629864,-25.65681243857849,-51.88344052215585,3.8227834770617446,price<200,383.9200134277344,0.0,354.56715175083707,570.5,48.598661191541595,6.356449624096336,61.5,20.711,True,23.83517,9.520000000000001,False
VIAV,3,B,2026-06-27,47.4900016784668,23.48343774422055,11.02253780831921,28.571317017932962,-14.169528091697236,4.931113693615181,SMA50,38.458600234985354,-19.01747973105782,34.594914043971464,61.42857,29.350532383437056,5.945091974197567,52.5,60.89,True,24.344982,6.329999999999999,True
TTMI,3,B-,2026-06-29,135.39500427246094,9.95342956898082,-8.32781544579837,7.821254660107346,-38.865307479032,5.014429087474164,SMA50,123.13850036621093,-9.052404829934302,109.5599274117606,203.0,49.9316766455391,5.881435398379967,37.4,21.191,False,19.643816,4.58,False
POWL,1,A-,2026-06-30,194.51499938964844,0.6789013903457874,-16.324782606012434,-6.457432998366597,-39.55347831253398,3.8024984718573815,SMA50,193.20333923339842,-0.674323399411747,178.41047947474888,280.0,43.94776797603652,5.867469994491812,8.9,30.080000000000002,True,27.828247,9.75,False
AAOI,3,C,2026-06-30,119.81999969482422,7.421226690704952,-9.59478404093984,9.680026229866613,-46.293143694837354,5.867253555951972,SMA50,111.54220016479492,-6.908529086223048,102.2149069895063,163.4,36.37122384925051,5.559790912608516,86.4,28.915999999999997,False,26.03216,15.020000999999999,True
AMKR,2,A-,2026-03-31,55.755001068115234,8.30425518041682,-10.441718436495751,-2.5195481880551873,-40.291175235892496,4.110457546384146,SMA50,51.479972763061525,-7.667524389123326,46.896401465279716,76.4,37.02806660637137,5.436814574914188,25.6,15.511,False,19.867443,16.08,False
ALGM,2,A-,2026-06-26,38.81999969482422,1.2136771511350508,-13.417886428853375,-3.7493027779451515,-44.2401635114413,4.010266159855947,SMA50,38.354499893188475,-1.199123661244661,35.24092927115304,54.41667,40.1768944559143,5.158762095561917,27.500000000000004,47.375,True,26.247465,10.609999,False
GLW,2,A,2026-06-30,163.4149932861328,6.710371350555855,-4.179288616772315,8.59443576074479,-35.96828082977478,4.332755678818755,SMA50,153.1388104248047,-6.288396587536472,143.40154883248465,187.41176,14.6845563135384,3.51977291050977,16.6,36.394999999999996,True,37.529392,2.31,True
AEHR,3,C,2026-05-29,106.16000366210938,9.689369075989651,11.775139850283423,51.56501831050795,-27.092917232937396,6.672058877339028,SMA50,96.78239974975585,-8.833462310533601,87.89334181649345,128.0,20.572716262712177,3.51191324037044,33.7,35.301,False,76.742355,16.520001,True
VECO,3,B-,2026-06-30,55.80500030517578,16.89677386247208,1.2591853560832922,22.550917572124707,-32.797447386900245,4.772204465623937,SMA50,47.73870010375977,-14.454439848229661,42.87304629598345,61.33333,9.90651315221205,2.793998593675778,16.5,37.86,True,19.204693,15.45,True
SANM,3,A-,2026-06-27,229.56500244140625,13.416681149468857,4.569248882138477,21.535001289121602,-18.801286979976297,4.1479059968472765,SMA50,202.4084994506836,-11.829548364043008,179.36583415985106,260.0,13.257681804682719,2.4993419737876,69.69999999999999,9.0150006,False,16.494879,5.9699997,True
TSEM,2,n/a,,244.5,8.871344143925919,1.8511494232785308,23.89799785163842,-22.834150137235188,5.198657397739099,SMA50,224.57700134277343,-8.148465708477126,184.62903329576767,312.925,27.98568507157464,2.211576782910954,23.7,26.871002,True,36.811035,2.4300002000000003,True
SITM,2,A-,2026-06-30,713.1599731445312,16.240003964197136,10.671065101923038,34.4030279411951,-20.890093114025277,4.850833572652974,SMA50,613.5236999511719,-13.971097221572016,496.01882226126537,849.5,19.117734027374755,2.008225570614742,126.49999999999999,58.714,True,47.795277,6.0100004,True
CRDO,2,A-,2026-08-01,212.6199951171875,2.194963805267025,-3.26779649391975,19.63121753019501,-29.71704256290367,5.905372130577854,SMA50,208.0533004760742,-2.147819935089501,165.17352343967983,279.0931,31.263806983992826,1.656720357095851,114.7,67.067003,True,21.94078,5.140000000000001,True
SMTC,2,B-,2026-04-26,192.00999450683594,30.37036401294262,29.878207659850254,63.41547274909527,-1.4727064368160292,5.9461166410809545,SMA50,147.28040069580078,-23.295450805006247,106.08091214861189,212.46667,10.653963896882335,1.5822106439388548,32.7,52.900999999999996,True,32.781704,8.53,True
GH,3,C,2026-06-30,178.64999389648438,7.64771469673351,17.98612827783792,43.697167045586085,-2.4303725061130987,3.634400133671658,SMA50,165.95799957275392,-7.104391132016841,144.92324431283134,197.44,10.517775956042374,1.4966658769369467,44.3,65.012,True,-427.29645,8.559999999999999,True
PENG,3,C,2026-05-29,60.518798828125,13.324343336209976,4.679557343925755,51.55039260439198,-25.643446022900374,4.999745615766527,SMA50,53.40317626953125,-11.75770619440466,36.907333143779205,74.28571,22.748156669423313,1.2659270321180816,47.599999999999994,27.924,False,17.928467,19.680001,True
SNDK,2,A+,2026-07-03,1724.919677734375,11.613854975218008,5.305561692555116,49.54686887054904,-26.127636927864028,5.197498035511609,SMA50,1545.435087890625,-10.405388271730832,1063.7781548636299,2136.5417,23.86325737823787,1.2272357596817687,371.6,71.474,True,6.546544,6.0300004,True
TER,2,A,2026-06-28,443.6300048828125,17.76063735898663,17.230170852658855,31.983413030743368,-8.275375257573625,4.0032542478495765,SMA50,376.72181030273435,-15.081981345637875,318.36593717302594,446.46667,0.6394213840285268,1.1951643589025358,103.89999999999999,59.242,True,38.07176,5.9899997,True
BE,2,B,2026-03-31,287.0899963378906,20.52486855054678,13.013986818931,37.745036316997236,-16.990027100950133,7.02559833249192,SMA50,238.19980041503905,-17.02957140495771,188.25151070186072,282.81537,-1.4889499433688447,0.8932351806470278,165.5,31.651,True,58.09069,7.340000000000001,True
ARM,3,n/a,,307.0,15.09930449650858,4.2497214633611335,41.658402417247316,-30.14153598294471,6.454561853919157,SMA50,266.7261990356445,-13.118501942786798,196.9030199268886,290.705,-5.307817589576558,0.34342178729797307,22.400000000000002,97.537005,True,100.23638,10.69,True
