rank,ticker,group,reason
1,CRDO,א,"איכות A, הכנסות כמעט מוכפלות, תחזיות פי 2 מהמחיר, יושבת על ממוצע 50. סיכון: תזמון Rubin"
2,SNDK,א,איכות A+ ומכפיל עתידי ~6.5; מחסור בזיכרון עד 2028. סיכון: שיא מחזור ו-Toshiba
3,SITM,א,"איכות טובה, תחזיות רצות לפני המחיר; 16% מעל ממוצע 50"
4,TSEM,א,חוזים ל-1.3B$ ב-2027 ו-290M$ מקדמות; המכפיל מנופח (המחיר רץ לפני התחזיות)
5,ALGM,ב,תחזיות פי 2 מהמחיר; עדיין מתחת לממוצע 200 — מעבר מעליו מעלה לקבוצה א'
6,GLW,ב,"איכות A והסכם AT&T; צמיחה מתונה, המחיר לפני התחזיות"
7,TER,ב,בדיקות HBM — צוואר בקבוק מוקדם; מעל יעד האנליסטים ו-17% מעל ממוצע 50
8,VICR,ב,איכות A ושתי העלאות תחזית; 38% מעל ממוצע 50
9,POWL,ב,שכבה עליונה בשיטה; יחס תחזיות למחיר הגרוע בתיק (0.07); מתחת לממוצע 200
10,AMKR,ב,אריזה מתקדמת; תזרים שלילי ומתחת לממוצע 200
11,SANM,ג,איכות טובה ויחס מאוזן; קבלן ייצור עם שולי רווח 9%
12,BE,ג,ייצור חשמל ליד האתר; איכות B ומעל יעד האנליסטים
13,VIAV,ג,בדיקות 1.6T; עלתה 39% בחודש
14,PENG,ג,איכות C; דוח 06/10 — תוצאה בינארית
15,SMTC,ג,"איכות B-; בשיא, 31% מעל ממוצע 50"
16,VECO,ג,איכות B-; כמעט בלי פער ליעד
17,TTMI,ד,איכות B-; תזרים שלילי ודילול מרכישה
18,ARM,ד,מכפיל ~100; מעל היעד; תחזיות +23% בלבד
19,AAOI,ד,איכות C; תזת ביצוע ומימון
20,AGX,ד,איכות A אבל מגמה שבורה: 25% מתחת לממוצע 200
21,FPS,ד,חסרים נתונים
22,GH,ד,מחוץ לשיטה; איכות C ובשיא
23,AIP,ה,הפסד תפעולי 48% ודילול; מתחת לממוצע 200
24,UCTT,ה,שולי רווח 16% ותזרים שלילי
25,AEHR,ה,תחזיות רווח ‏−76% מול מחיר ‏+59% ב-3 חודשים
